<TextureAtlas imagePath="sprites.png">
	<SubTexture name="tank_arrowEmpty.png" x="0" y="654" width="180" height="96"/>
	<SubTexture name="tank_arrowFull.png" x="0" y="556" width="180" height="96"/>
	<SubTexture name="tank_bullet1.png" x="426" y="797" width="34" height="28"/>
	<SubTexture name="tank_bullet2.png" x="284" y="522" width="50" height="32"/>
	<SubTexture name="tank_bullet3.png" x="483" y="1739" width="75" height="50"/>
	<SubTexture name="tank_bullet4.png" x="485" y="1250" width="75" height="50"/>
	<SubTexture name="tank_bullet5.png" x="307" y="719" width="34" height="28"/>
	<SubTexture name="tank_bullet6.png" x="486" y="904" width="50" height="32"/>
	<SubTexture name="tank_bulletFly.png" x="182" y="719" width="123" height="28"/>
	<SubTexture name="tank_bulletFly1.png" x="338" y="947" width="133" height="36"/>
	<SubTexture name="tank_bulletFly2.png" x="182" y="677" width="155" height="40"/>
	<SubTexture name="tank_bulletFly3.png" x="0" y="752" width="179" height="50"/>
	<SubTexture name="tank_bulletFly4.png" x="0" y="804" width="179" height="50"/>
	<SubTexture name="tank_bulletFly5.png" x="338" y="284" width="133" height="36"/>
	<SubTexture name="tank_bulletFly6.png" x="186" y="242" width="155" height="40"/>
	<SubTexture name="tank_explosion1.png" x="338" y="322" width="128" height="128"/>
	<SubTexture name="tank_explosion10.png" x="486" y="1903" width="28" height="28"/>
	<SubTexture name="tank_explosion11.png" x="485" y="1302" width="65" height="65"/>
	<SubTexture name="tank_explosion12.png" x="466" y="753" width="82" height="82"/>
	<SubTexture name="tank_explosion2.png" x="473" y="222" width="81" height="82"/>
	<SubTexture name="tank_explosion3.png" x="345" y="677" width="119" height="118"/>
	<SubTexture name="tank_explosion4.png" x="337" y="1100" width="148" height="148"/>
	<SubTexture name="tank_explosion5.png" x="487" y="1402" width="28" height="28"/>
	<SubTexture name="tank_explosion6.png" x="486" y="837" width="65" height="65"/>
	<SubTexture name="tank_explosion7.png" x="471" y="0" width="82" height="82"/>
	<SubTexture name="tank_explosion8.png" x="346" y="452" width="119" height="118"/>
	<SubTexture name="tank_explosion9.png" x="350" y="0" width="119" height="118"/>
	<SubTexture name="tanks_barrelGreen.png" x="484" y="1935" width="80" height="99"/>
	<SubTexture name="tanks_barrelGrey.png" x="485" y="1624" width="80" height="99"/>
	<SubTexture name="tanks_barrelRed.png" x="485" y="1523" width="80" height="99"/>
	<SubTexture name="tanks_crateAmmo.png" x="461" y="120" width="100" height="100"/>
	<SubTexture name="tanks_crateArmor.png" x="468" y="322" width="100" height="100"/>
	<SubTexture name="tanks_crateRepair.png" x="466" y="651" width="100" height="100"/>
	<SubTexture name="tanks_crateWood.png" x="467" y="452" width="100" height="100"/>
	<SubTexture name="tanks_mineOff.png" x="473" y="947" width="72" height="28"/>
	<SubTexture name="tanks_mineOn.png" x="471" y="84" width="72" height="28"/>
	<SubTexture name="tanks_minePressed.png" x="245" y="1816" width="72" height="20"/>
	<SubTexture name="tanks_tankDesert1.png" x="0" y="994" width="171" height="136"/>
	<SubTexture name="tanks_tankDesert2.png" x="173" y="992" width="162" height="119"/>
	<SubTexture name="tanks_tankDesert3.png" x="0" y="139" width="184" height="137"/>
	<SubTexture name="tanks_tankDesert4.png" x="335" y="1404" width="150" height="117"/>
	<SubTexture name="tanks_tankDesert5.png" x="170" y="1544" width="163" height="134"/>
	<SubTexture name="tanks_tankDesert_body1.png" x="0" y="1938" width="165" height="96"/>
	<SubTexture name="tanks_tankDesert_body2.png" x="173" y="1113" width="162" height="95"/>
	<SubTexture name="tanks_tankDesert_body3.png" x="0" y="1408" width="168" height="106"/>
	<SubTexture name="tanks_tankDesert_body4.png" x="337" y="992" width="148" height="106"/>
	<SubTexture name="tanks_tankDesert_body5.png" x="346" y="572" width="109" height="77"/>
	<SubTexture name="tanks_tankGreen1.png" x="0" y="1132" width="171" height="136"/>
	<SubTexture name="tanks_tankGreen2.png" x="182" y="556" width="162" height="119"/>
	<SubTexture name="tanks_tankGreen3.png" x="0" y="417" width="184" height="137"/>
	<SubTexture name="tanks_tankGreen4.png" x="334" y="1816" width="150" height="117"/>
	<SubTexture name="tanks_tankGreen5.png" x="173" y="856" width="163" height="134"/>
	<SubTexture name="tanks_tankGreen_body1.png" x="0" y="1840" width="165" height="96"/>
	<SubTexture name="tanks_tankGreen_body2.png" x="173" y="1210" width="162" height="95"/>
	<SubTexture name="tanks_tankGreen_body3.png" x="0" y="1516" width="168" height="106"/>
	<SubTexture name="tanks_tankGreen_body4.png" x="334" y="1935" width="148" height="106"/>
	<SubTexture name="tanks_tankGreen_body5.png" x="457" y="572" width="109" height="77"/>
	<SubTexture name="tanks_tankGrey1.png" x="0" y="856" width="171" height="136"/>
	<SubTexture name="tanks_tankGrey2.png" x="186" y="0" width="162" height="119"/>
	<SubTexture name="tanks_tankGrey3.png" x="0" y="0" width="184" height="137"/>
	<SubTexture name="tanks_tankGrey4.png" x="186" y="284" width="150" height="117"/>
	<SubTexture name="tanks_tankGrey5.png" x="170" y="1680" width="163" height="134"/>
	<SubTexture name="tanks_tankGrey_body1.png" x="167" y="1938" width="165" height="96"/>
	<SubTexture name="tanks_tankGrey_body2.png" x="181" y="752" width="162" height="95"/>
	<SubTexture name="tanks_tankGrey_body3.png" x="0" y="1624" width="168" height="106"/>
	<SubTexture name="tanks_tankGrey_body4.png" x="335" y="1631" width="148" height="106"/>
	<SubTexture name="tanks_tankGrey_body5.png" x="350" y="199" width="109" height="77"/>
	<SubTexture name="tanks_tankNavy1.png" x="0" y="1270" width="171" height="136"/>
	<SubTexture name="tanks_tankNavy2.png" x="186" y="121" width="162" height="119"/>
	<SubTexture name="tanks_tankNavy3.png" x="0" y="278" width="184" height="137"/>
	<SubTexture name="tanks_tankNavy4.png" x="186" y="403" width="150" height="117"/>
	<SubTexture name="tanks_tankNavy5.png" x="170" y="1408" width="163" height="134"/>
	<SubTexture name="tanks_tankNavy_body1.png" x="167" y="1840" width="165" height="96"/>
	<SubTexture name="tanks_tankNavy_body2.png" x="173" y="1307" width="162" height="95"/>
	<SubTexture name="tanks_tankNavy_body3.png" x="0" y="1732" width="168" height="106"/>
	<SubTexture name="tanks_tankNavy_body4.png" x="335" y="1523" width="148" height="106"/>
	<SubTexture name="tanks_tankNavy_body5.png" x="350" y="120" width="109" height="77"/>
	<SubTexture name="tanks_tankTracks1.png" x="337" y="1321" width="146" height="69"/>
	<SubTexture name="tanks_tankTracks2.png" x="335" y="1739" width="146" height="69"/>
	<SubTexture name="tanks_tankTracks3.png" x="337" y="1250" width="146" height="69"/>
	<SubTexture name="tanks_tankTracks4.png" x="486" y="1850" width="52" height="51"/>
	<SubTexture name="tanks_tankTracks5.png" x="486" y="1791" width="62" height="57"/>
	<SubTexture name="tanks_tankTracks6.png" x="338" y="849" width="146" height="96"/>
	<SubTexture name="tanks_tankTracks7.png" x="485" y="1369" width="62" height="31"/>
	<SubTexture name="tanks_turret1.png" x="345" y="797" width="79" height="24"/>
	<SubTexture name="tanks_turret2.png" x="186" y="522" width="96" height="30"/>
	<SubTexture name="tanks_turret3.png" x="170" y="1816" width="73" height="18"/>
	<SubTexture name="tanks_turret4.png" x="468" y="424" width="40" height="26"/>
</TextureAtlas>